[
  { "id": 1, "name": "Phan Ngọc Sơn", "location": "Tổ 8", "generation": "I" },
  { "id": 2, "name": "Phan Tín", "location": "Võ Đắt", "generation": "I" },
  { "id": 3, "name": "Phan Phi", "location": "Bình Thuận", "generation": "II" },
  { "id": 4, "name": "Phan Thành", "location": "Bình Thuận", "generation": "II" },
  { "id": 5, "name": "Phan Đô", "location": "Đà Nẵng", "generation": "II" },
  { "id": 6, "name": "Phan Tưởng", "location": "Tổ 9", "generation": "II" },
  { "id": 7, "name": "Phan Hạp", "location": "Tổ 9", "generation": "II" },
  { "id": 8, "name": "Phan Khải", "location": "Tổ 8", "generation": "I" },
  { "id": 9, "name": "Phan Tuấn", "location": "Đà Nẵng", "generation": "I" },
  { "id": 10, "name": "Phan Cảm", "location": "Tổ 8", "generation": "I" },
  { "id": 11, "name": "Phan Nga", "location": "Tổ 8", "generation": "I" },
  { "id": 12, "name": "Phan Tuấn", "location": "Đà Nẵng", "generation": "I" },
  { "id": 13, "name": "Phan Ba", "location": "Đà Nẵng", "generation": "I" },
  { "id": 14, "name": "Phan Đạo", "location": "Tuy Hòa", "generation": "I" },
  { "id": 15, "name": "Phan Nhơn", "location": "Tuy Hòa", "generation": "I" },
  { "id": 16, "name": "Phan Tương", "location": "Tuy Hòa", "generation": "I" },
  { "id": 17, "name": "Phan Tâm", "location": "Tuy Hòa", "generation": "I" },
  { "id": 18, "name": "Phan Thuận", "location": "Tổ 8", "generation": "II" },
  { "id": 19, "name": "Phan Luyện", "location": "Tổ 8", "generation": "III" },
  { "id": 20, "name": "Phan Luyên", "location": "Tổ 8", "generation": "III" },
  { "id": 21, "name": "Phan Mạnh", "location": "Bình Thiên", "generation": "II" },
  { "id": 22, "name": "Phan Anh", "location": "Bình Thuận", "generation": "II" },
  { "id": 23, "name": "Phan Tùng", "location": "Bình Thuận", "generation": "III" },
  { "id": 24, "name": "Phan Quyền", "location": "Bình Thuận", "generation": "I" },
  { "id": 25, "name": "Phan Thế", "location": "Bình Thuận", "generation": "I" },
  { "id": 26, "name": "Phan Quên", "location": "", "generation": "" },
  { "id": 27, "name": "Phan Đoàn", "location": "", "generation": "" },
  { "id": 28, "name": "Phan Hoan", "location": "", "generation": "" },
  { "id": 59, "name": "Phan Phục", "location": "Đà Nẵng", "generation": "" },
  { "id": 60, "name": "Phan Bi", "location": "Đà Nẵng", "generation": "" },
  { "id": 61, "name": "Phan An", "location": "Đà Nẵng", "generation": "" },
  { "id": 103, "name": "Phan Lâm", "location": "Hà Lam", "generation": "" },
  { "id": 110, "name": "Phan Hoàng", "location": "Đắk Lắk", "note": "Em Tân" }
]